{
  "test": {
    "accuracy": 0.9955277280858676,
    "flows_per_sec": null,
    "macro_f1_reference": 0.6684990805949829,
    "macro_f1": 0.935898712832976,
    "pr_auc": 0.9366934686740087,
    "windows_per_sec": 5593.657957496539
  },
  "val": {
    "accuracy": 0.9976164680390033,
    "macro_f1_reference": 0.5333360075777398,
    "macro_f1": 0.9333380132610447,
    "pr_auc": 0.8924659329619409,
    "windows_per_sec": 5865.096004757763
  }
}
