train,test,sliding_f1,session_f1,delta_f1,trg_sliding,trg_session,delta_trg,sliding_f1_std,session_f1_std,trg_sliding_std,trg_session_std
CICIDS,UNSW,0.420000,0.423000,0.003000,0.199000,0.198000,0.001000,0.000000,0.006000,0.012000,0.005000
CICIDS,MQCIDS,0.333000,0.333000,0.000000,0.181000,0.161000,0.020000,0.000000,0.000000,0.036000,0.018000
UNSW,MQCIDS,0.383000,0.439000,0.056000,0.612000,0.557000,0.055000,0.113000,0.030000,0.112000,0.029000
UNSW,CICIDS,0.480000,0.506000,0.026000,0.477000,0.451000,0.026000,0.002000,0.025000,0.002000,0.025000
MQCIDS,UNSW,0.479000,0.482000,0.003000,0.506000,0.510000,-0.004000,0.006000,0.013000,0.006000,0.013000
MQCIDS,CICIDS,0.387000,0.355000,-0.032000,0.598000,0.637000,-0.039000,0.003000,0.010000,0.003000,0.010000
Avg.,,0.413667,0.423000,0.009333,0.428833,0.419000,0.009833,0.020667,0.014000,0.028500,0.016667
