{
  "test": {
    "accuracy": 0.9955277280858676,
    "flows_per_sec": null,
    "macro_f1_reference": 0.6679107235686272,
    "macro_f1": 0.9350750129960781,
    "pr_auc": 0.9384145088500258,
    "windows_per_sec": 1652.6377871519633
  },
  "val": {
    "accuracy": 0.9976164680390033,
    "macro_f1_reference": 0.5333360075777398,
    "macro_f1": 0.9333380132610447,
    "pr_auc": 0.9364542665425293,
    "windows_per_sec": 1667.1576076434153
  }
}
