{
  "test": {
    "accuracy": 0.9957513416815742,
    "flows_per_sec": null,
    "macro_f1_reference": 0.6692756518220068,
    "macro_f1": 0.9369859125508094,
    "pr_auc": 0.968152611737232,
    "windows_per_sec": 3152.987967915685
  },
  "val": {
    "accuracy": 0.9976164680390033,
    "macro_f1_reference": 0.5347058135380747,
    "macro_f1": 0.9357351736916306,
    "pr_auc": 0.9312440037734362,
    "windows_per_sec": 3251.6801707009104
  }
}
