{
  "test": {
    "accuracy": 0.9961985688729875,
    "flows_per_sec": null,
    "macro_f1_reference": 0.6784130124673876,
    "macro_f1": 0.9497782174543425,
    "pr_auc": 0.9510584758455087,
    "windows_per_sec": 3959.341114926426
  },
  "val": {
    "accuracy": 0.9976164680390033,
    "macro_f1_reference": 0.5333360075777398,
    "macro_f1": 0.9333380132610447,
    "pr_auc": 0.9734415941854514,
    "windows_per_sec": 4003.232349227323
  }
}
