{
  "assumed_deploy_stride": 16,
  "autocast": "bf16",
  "backbone_measured": "Qwen/Qwen2.5-0.5B",
  "backbone_params": 494032768,
  "batch_size": 8,
  "device": "cuda",
  "flows_per_sec": 4882.98398709241,
  "latency_ms_per_batch": 26.213479368016124,
  "max_len": 512,
  "windows_per_sec": 305.1864991932756
}
