{
  "epoch": 1.0,
  "eval_accuracy": 0.9627294897161,
  "eval_f1_macro": 0.7957609086510151,
  "eval_loss": 0.12817901372909546,
  "eval_runtime": 735.5304,
  "eval_samples_per_second": 118.19,
  "eval_steps_per_second": 9.85
}
