{
  "epoch": 1.0,
  "eval_accuracy": 0.9630256715325127,
  "eval_f1_macro": 0.7972917365347215,
  "eval_loss": 0.1277240663766861,
  "eval_runtime": 1103.0218,
  "eval_samples_per_second": 79.248,
  "eval_steps_per_second": 6.605
}
