{
  "test": {
    "accuracy": 0.9937388193202147,
    "flows_per_sec": null,
    "macro_f1_reference": 0.4984012077567153,
    "macro_f1": 0.6977616908594014,
    "pr_auc": 0.6928547335196706,
    "windows_per_sec": 5349.441058624436
  },
  "val": {
    "accuracy": 0.9963163596966413,
    "macro_f1_reference": 0.5137141375910094,
    "macro_f1": 0.8989997407842665,
    "pr_auc": 0.86903801966752,
    "windows_per_sec": 4917.559522574911
  }
}
