public_result_id,dataset,accuracy,macro_f1,pr_auc_macro,throughput
validation_unsw,UNSW,0.9872970202209838,0.7100098635510794,0.7612389335355016,104327.33217952705
validation_cicids,CICIDS,0.9960621793618601,0.9216936196576652,0.9355024350745916,56764.40814186885
validation_mqcids,MQCIDS,0.9959749552772809,0.9448771616737932,0.9329641383426701,83337.83409134239
