{
  "test": {
    "accuracy": 0.9957513416815742,
    "flows_per_sec": null,
    "macro_f1_reference": 0.6712372919650715,
    "macro_f1": 0.9397322087511002,
    "pr_auc": 0.9619114400909771,
    "windows_per_sec": 3216.4357613148036
  },
  "val": {
    "accuracy": 0.9976164680390033,
    "macro_f1_reference": 0.5332303084403925,
    "macro_f1": 0.9331530397706869,
    "pr_auc": 0.9816225086643976,
    "windows_per_sec": 3176.380335226802
  }
}
